{"type":"Topology","transform":{"scale":[0.000932885443444344,0.0010886993647364783],"translate":[-7.556752081999917,49.95913320500004]},"objects":{"uk-postcode-area":{"type":"GeometryCollection","geometries":[{"type":"Polygon","arcs":[[0,1,2,3,4,5,6,7]],"id":"CM"},{"type":"Polygon","arcs":[[8,-8,9,10]],"id":"CO"},{"type":"Polygon","arcs":[[11,12,13,14,15,16,-6]],"id":"SG"},{"type":"Polygon","arcs":[[-17,17,18,-10,-7]],"id":"CB"},{"type":"Polygon","arcs":[[19,20,21]],"id":"NR"},{"type":"Polygon","arcs":[[22,-22,23,-18,-16,24,25,26,27,28]],"id":"PE"},{"type":"Polygon","arcs":[[29,-29,30,31]],"id":"LN"},{"type":"Polygon","arcs":[[32,-11,-19,-24,-21]],"id":"IP"},{"type":"Polygon","arcs":[[33,34,35,-13,36]],"id":"AL"},{"type":"Polygon","arcs":[[37,38,39,40,41]],"id":"DA"},{"type":"Polygon","arcs":[[42,43,44,45,46,47,48,-39,49]],"id":"SE"},{"type":"Polygon","arcs":[[50,51,52]],"id":"GU"},{"type":"Polygon","arcs":[[53,54,55,56,57,58,-44]],"id":"SW"},{"type":"Polygon","arcs":[[59,60,61,62,63]],"id":"BN"},{"type":"Polygon","arcs":[[64,-63,65,66,67]],"id":"RH"},{"type":"Polygon","arcs":[[68,69,70]],"id":"CT"},{"type":"MultiPolygon","arcs":[[[71]],[[72,-71,73,-41,74]]],"id":"ME"},{"type":"Polygon","arcs":[[-67,75,76,-53,77,-56,78,79]],"id":"KT"},{"type":"Polygon","arcs":[[-43,80,81,-68,-80,82,-54]],"id":"CR"},{"type":"Polygon","arcs":[[-79,-55,-83]],"id":"SM"},{"type":"Polygon","arcs":[[-38,83,-81,-50]],"id":"BR"},{"type":"Polygon","arcs":[[-78,-52,84,85,86,-57]],"id":"TW"},{"type":"Polygon","arcs":[[87,-64,-65,-82,-84,-42,-74,-70]],"id":"TN"},{"type":"Polygon","arcs":[[88,89,-2]],"id":"SS"},{"type":"Polygon","arcs":[[-47,90,91,92,93]],"id":"E"},{"type":"Polygon","arcs":[[-75,-40,-49,94,-3,-90,95]],"id":"RM"},{"type":"Polygon","arcs":[[96,-37,-12,-5,97,-93,98,99]],"id":"EN"},{"type":"Polygon","arcs":[[-94,-98,-4,-95,-48]],"id":"IG"},{"type":"Polygon","arcs":[[100,101,102,103,-35,104,105]],"id":"HP"},{"type":"MultiPolygon","arcs":[[[106]],[[107]],[[108,109,110,-61]]],"id":"PO"},{"type":"Polygon","arcs":[[-66,-62,-111,111,112,113,-76]],"id":"GU"},{"type":"Polygon","arcs":[[114,115,116,117,-101,118,-113]],"id":"RG"},{"type":"Polygon","arcs":[[-86,119,120,121,122]],"id":"UB"},{"type":"Polygon","arcs":[[123,124,125,-115,-112,-110]],"id":"SO"},{"type":"Polygon","arcs":[[-77,-114,-119,-106,126,-120,-85,-51]],"id":"SL"},{"type":"Polygon","arcs":[[-102,-118,127,128,129,130,131]],"id":"OX"},{"type":"Polygon","arcs":[[132,-103,-132,133,-25,-15]],"id":"MK"},{"type":"Polygon","arcs":[[-131,134,135,-26,-134]],"id":"NN"},{"type":"Polygon","arcs":[[-135,-130,136,137,138,139,140]],"id":"CV"},{"type":"Polygon","arcs":[[-141,141,142,-27,-136]],"id":"LE"},{"type":"Polygon","arcs":[[-142,-140,143,144,145,146,147,148]],"id":"DE"},{"type":"Polygon","arcs":[[-143,-149,149,150,-31,-28]],"id":"NG"},{"type":"Polygon","arcs":[[-104,-133,-14,-36]],"id":"LU"},{"type":"Polygon","arcs":[[-59,151,152,153,154,-45]],"id":"WC"},{"type":"Polygon","arcs":[[-155,155,-91,-46]],"id":"EC"},{"type":"Polygon","arcs":[[156,157,158,-100,159,-153]],"id":"NW"},{"type":"Polygon","arcs":[[-160,-99,-92,-156,-154]],"id":"N"},{"type":"Polygon","arcs":[[-122,160,-158,161]],"id":"HA"},{"type":"Polygon","arcs":[[-121,-127,-105,-34,-97,-159,-161]],"id":"WD"},{"type":"Polygon","arcs":[[-87,-123,-162,-157,-152,-58]],"id":"W"},{"type":"Polygon","arcs":[[162,163,164,165,166,167]],"id":"G"},{"type":"Polygon","arcs":[[168,169,170,171,172]],"id":"KY"},{"type":"Polygon","arcs":[[173,174,175,-165,176,177,-172]],"id":"FK"},{"type":"MultiPolygon","arcs":[[[178,-168,179]],[[180,181,-177,-164]],[[182,183]],[[184,185,186,187]],[[188]],[[189]],[[190]],[[191]],[[192]],[[193]],[[194]],[[195]],[[196]],[[197]]],"id":"PA"},{"type":"MultiPolygon","arcs":[[[-184,198,-188,199,200,201,202,203,204,205,-173,-178,-182,206]],[[207]],[[208]],[[209,210]]],"id":"PH"},{"type":"MultiPolygon","arcs":[[[211,212]],[[213]],[[214]],[[215]],[[216]],[[217]],[[218]],[[219]],[[220]]],"id":"KW"},{"type":"MultiPolygon","arcs":[[[221]],[[222]],[[223]],[[224]],[[225]],[[226]]],"id":"HS"},{"type":"MultiPolygon","arcs":[[[227,-205,228]],[[229,-170]]],"id":"DD"},{"type":"Polygon","arcs":[[230,-229,-204,231]],"id":"AB"},{"type":"MultiPolygon","arcs":[[[232,-201]],[[233,-213,234,-232,-203]],[[235]],[[236]],[[237,-211]]],"id":"IV"},{"type":"MultiPolygon","arcs":[[[238]],[[239]],[[240]],[[241]],[[242]]],"id":"ZE"},{"type":"Polygon","arcs":[[243]],"id":"ZE"},{"type":"Polygon","arcs":[[244,245,246,247,248,249]],"id":"CA"},{"type":"Polygon","arcs":[[250,251,252,253,-246]],"id":"DG"},{"type":"Polygon","arcs":[[-176,254,255,-253,256,-166]],"id":"ML"},{"type":"Polygon","arcs":[[257,258,-255,-175]],"id":"EH"},{"type":"Polygon","arcs":[[259,-250,260,261,262,263]],"id":"LA"},{"type":"Polygon","arcs":[[264,265,-247,-254,-256,-259]],"id":"TD"},{"type":"MultiPolygon","arcs":[[[266,-180,-167,-257,-252]],[[267]]],"id":"KA"},{"type":"Polygon","arcs":[[268,269,270,271,272,273]],"id":"OL"},{"type":"Polygon","arcs":[[274,275,-262,276,277,278,279,280]],"id":"BD"},{"type":"Polygon","arcs":[[281,282,283,-273,284,-281]],"id":"HD"},{"type":"Polygon","arcs":[[-278,285,286,287]],"id":"HG"},{"type":"Polygon","arcs":[[288,289,-248,-266,290,291]],"id":"NE"},{"type":"Polygon","arcs":[[292,293,294,-292]],"id":"SR"},{"type":"Polygon","arcs":[[-286,-277,-261,-249,-290,295,296,297]],"id":"DL"},{"type":"Polygon","arcs":[[-295,298,-296,-289]],"id":"DH"},{"type":"Polygon","arcs":[[299,300,301,302]],"id":"L"},{"type":"Polygon","arcs":[[303,304,305,-264,306,307,308,-301]],"id":"PR"},{"type":"Polygon","arcs":[[309,-303,310,311,312,313,314]],"id":"WA"},{"type":"Polygon","arcs":[[-311,-302,-309,315,316]],"id":"WN"},{"type":"Polygon","arcs":[[317,-307,-263,-276,318,-271]],"id":"BB"},{"type":"Polygon","arcs":[[-316,-308,-318,-270,319]],"id":"BL"},{"type":"Polygon","arcs":[[320,-305]],"id":"FY"},{"type":"Polygon","arcs":[[-312,-317,-320,-269,321]],"id":"M"},{"type":"Polygon","arcs":[[-272,-319,-275,-285]],"id":"HX"},{"type":"Polygon","arcs":[[322,323,-282,-280,324,325]],"id":"WF"},{"type":"Polygon","arcs":[[326,327,328]],"id":"HU"},{"type":"Polygon","arcs":[[-150,-148,329,-283,-324,330]],"id":"S"},{"type":"Polygon","arcs":[[331,-329,332,-326,333,-287,-298,334]],"id":"YO"},{"type":"Polygon","arcs":[[335,-32,-151,-331,-323,-333,-328]],"id":"DN"},{"type":"Polygon","arcs":[[336,-335,-297,-299,-294]],"id":"TS"},{"type":"Polygon","arcs":[[-279,-288,-334,-325]],"id":"LS"},{"type":"Polygon","arcs":[[337,338,339,340,341]],"id":"PL"},{"type":"Polygon","arcs":[[342,343,344,345]],"id":"SA"},{"type":"Polygon","arcs":[[346,-342,347]],"id":"TQ"},{"type":"Polygon","arcs":[[348,-346,349,350]],"id":"CF"},{"type":"Polygon","arcs":[[351,-350,-345,352,353]],"id":"LD"},{"type":"Polygon","arcs":[[354,-348,-341,355,356,357]],"id":"EX"},{"type":"Polygon","arcs":[[358,359,360,361,-357]],"id":"TA"},{"type":"Polygon","arcs":[[362,363,364,365,366]],"id":"DY"},{"type":"Polygon","arcs":[[367,368,369,370,-365]],"id":"WV"},{"type":"Polygon","arcs":[[371,372,-363,373,-138,374]],"id":"WR"},{"type":"Polygon","arcs":[[375,-370,376,377,378,-146]],"id":"ST"},{"type":"Polygon","arcs":[[-274,-284,-330,-147,-379,379,-313,-322]],"id":"SK"},{"type":"Polygon","arcs":[[-371,-376,-145,380,-366]],"id":"WS"},{"type":"Polygon","arcs":[[-144,-139,-374,-367,-381]],"id":"B"},{"type":"Polygon","arcs":[[381,-351,-352,382,383]],"id":"NP"},{"type":"Polygon","arcs":[[-383,-354,384,-372,385]],"id":"HR"},{"type":"Polygon","arcs":[[386,387,388,389,-360]],"id":"BS"},{"type":"Polygon","arcs":[[390,-361,-390,391,392]],"id":"BA"},{"type":"Polygon","arcs":[[393,-384,-386,-375,-137,-129,394,-388]],"id":"GL"},{"type":"Polygon","arcs":[[395,396,397,-125]],"id":"BH"},{"type":"Polygon","arcs":[[-126,-398,398,-393,399,-116]],"id":"SP"},{"type":"Polygon","arcs":[[-400,-392,-389,-395,-128,-117]],"id":"SN"},{"type":"Polygon","arcs":[[400,-358,-362,-391,-399,-397]],"id":"DT"},{"type":"MultiPolygon","arcs":[[[401,402,403]],[[404]],[[405]]],"id":"LL"},{"type":"Polygon","arcs":[[406,-315,407,408,-403]],"id":"CH"},{"type":"Polygon","arcs":[[409,-404,-409,410,411,-368,-364,-373,-385,-353,-344]],"id":"SY"},{"type":"Polygon","arcs":[[-378,412,-411,-408,-314,-380]],"id":"CW"},{"type":"Polygon","arcs":[[-377,-369,-412,-413]],"id":"TF"},{"type":"Polygon","arcs":[[413,-339]],"id":"TR"}]}},"arcs":[[[9046,1655],[-63,-25],[-60,5],[-19,-28],[111,9],[82,23],[24,-60],[-23,-49]],[[9098,1530],[-55,-6],[-30,-16],[-53,24],[-84,9],[-84,2],[-53,-8],[-6,13],[-83,-10],[-22,-33],[-40,1],[-59,-15],[-21,-20]],[[8508,1471],[-58,-6],[-37,11],[-99,86],[-59,11],[-43,-16]],[[8212,1557],[-56,14]],[[8156,1571],[19,33],[-5,38],[-41,-3],[-9,24]],[[8120,1663],[58,10],[5,32],[46,29],[11,40],[-15,57]],[[8225,1831],[52,3],[18,-21],[46,13],[76,3],[18,21],[64,-9],[58,8],[-5,38],[44,9]],[[8596,1896],[49,-37],[54,-23],[-15,-27],[98,-14],[35,-22],[-32,-11],[5,-27],[66,-37],[6,-14],[58,1],[43,14],[83,-44]],[[9271,1834],[4,-9],[178,-6],[18,-11],[-85,-46],[95,-15],[-74,-45],[-89,-28],[-76,-6],[-30,7],[-52,44],[-109,-45],[-5,-19]],[[8596,1896],[46,52],[14,44],[86,16],[5,15]],[[8747,2023],[39,-48],[85,4],[59,21],[78,-2],[-3,-56],[42,-15],[49,-52],[190,-27],[-15,-14]],[[8120,1663],[-60,5],[-77,-48],[-42,4]],[[7941,1624],[13,35],[-25,16],[22,47],[-74,27],[-27,-29],[-106,14]],[[7744,1734],[22,14],[-30,15],[1,34],[-38,28],[-35,8]],[[7664,1833],[10,32],[37,22],[-37,22],[34,20],[-7,35],[22,19],[49,12],[-7,22],[26,22]],[[7791,2039],[91,-2],[92,29]],[[7974,2066],[21,-16],[-21,-35],[25,-2],[49,23],[69,-30],[-1,-21],[34,-13],[80,1],[5,-76],[-55,-34],[45,-32]],[[7974,2066],[1,51],[59,21],[7,21],[59,7],[-1,15],[67,10],[8,26],[-26,33],[44,26],[76,-2],[52,48],[87,24],[60,8],[49,-59],[49,-4]],[[8565,2291],[-4,-18],[-48,-17],[19,-46],[37,-19],[-16,-20],[53,-12],[47,-26],[94,-110]],[[8930,2770],[66,0],[143,-25],[48,12],[280,-29],[130,-35],[266,-106],[57,-41],[53,-97],[1,-85],[25,-43],[-45,-65],[-28,-54]],[[9926,2202],[-74,-3],[-47,-16],[-34,11],[28,18],[-31,16],[-129,11],[-69,18],[12,32],[-42,13],[-76,-12],[-54,3],[-8,-29],[-38,-9],[-12,24],[-40,-6],[-43,21],[-26,-30],[-42,-10],[-48,8],[-76,-9],[-105,23],[-18,12],[92,8],[24,25],[-30,20],[-54,1],[82,53],[-4,20],[76,24],[-36,16],[3,19],[-78,9],[-52,-6]],[[8977,2477],[-36,25],[68,12],[16,30],[-42,41],[-33,-7],[-57,16],[31,55],[-32,16],[-33,46],[19,13],[55,2],[-3,44]],[[8439,3041],[43,-75],[1,-39],[-29,-54],[-51,-11],[-96,-50],[-34,-11],[-85,-64],[-64,-24],[-13,-24],[89,5],[84,-28],[81,-61],[84,7],[58,-11],[64,46],[19,47],[31,38],[90,33],[110,5],[13,11],[96,-11]],[[8977,2477],[-57,-13],[-14,-48],[-99,1],[-19,-17],[-42,3],[-81,-29],[-51,7],[-20,-26],[-44,-17],[15,-47]],[[7791,2039],[11,22],[-45,10],[-56,29],[-19,36],[-47,11],[-46,-8],[-42,25]],[[7547,2164],[64,4],[-40,50],[78,24],[11,14],[-122,20],[-23,-7],[-28,19],[-11,51],[43,27],[-33,8],[48,34],[-43,2]],[[7491,2410],[-37,55],[58,14],[-45,18],[7,26],[61,29]],[[7535,2552],[60,0],[18,36],[-33,25],[74,33],[109,6],[47,18],[62,119]],[[7872,2789],[42,33],[67,8],[43,25],[-81,29],[10,28],[45,35],[75,8],[47,63],[60,-22],[45,6],[124,-31],[42,7],[-15,18],[63,45]],[[8222,3237],[58,-17],[9,-25],[47,-17],[27,-26],[76,-111]],[[7872,2789],[-116,48],[-22,19],[-38,-12],[-104,9],[-6,-15],[-92,-1],[-43,10],[-106,-5],[8,35],[-21,2],[1,71],[-41,18],[29,25],[61,-1],[-18,36],[-88,-4],[2,18]],[[7278,3042],[3,23],[49,27],[90,19],[90,3],[9,23],[-17,31],[29,21],[86,-1],[-3,34],[-24,30],[51,13],[-40,20],[21,10],[100,-31],[13,18],[132,-4],[28,-22],[-33,-20],[26,-25],[86,7],[32,-37],[77,20],[-1,23],[67,-12],[73,25]],[[9926,2202],[-78,-79],[1,-65],[-52,-109],[-85,-18],[-183,-111],[-66,15],[-70,-3],[-43,12],[-79,-10]],[[7821,1609],[-104,-18],[-47,39]],[[7670,1630],[-13,37],[-48,29],[-46,13]],[[7563,1709],[44,31],[110,-18],[27,12]],[[7941,1624],[-24,-11],[-96,-4]],[[8293,1286],[47,51],[-92,-11],[-60,25]],[[8188,1351],[-6,32],[67,14],[11,25]],[[8260,1422],[40,-19],[94,-24],[54,4],[15,-15],[102,2]],[[8565,1370],[15,-45],[-36,-20],[-3,-37],[-71,-16]],[[8470,1252],[-4,33],[-50,11],[-89,-32],[-34,22]],[[8040,1320],[-38,-5],[-12,20]],[[7990,1335],[-11,19],[15,40],[-20,26]],[[7974,1420],[10,4]],[[7984,1424],[36,-4]],[[8020,1420],[90,-1],[63,-7],[30,13]],[[8203,1425],[30,7]],[[8233,1432],[27,-10]],[[8188,1351],[-36,-8],[-31,12],[-68,-14],[-13,-21]],[[7452,1309],[1,25]],[[7453,1334],[58,5],[7,-17]],[[7518,1322],[-66,-13]],[[7990,1335],[-23,-13],[-38,19],[-25,-16]],[[7904,1325],[-49,-9]],[[7855,1316],[-48,41]],[[7807,1357],[4,34]],[[7811,1391],[150,33]],[[7961,1424],[13,-4]],[[8541,800],[-49,-10],[-101,-66],[-160,12],[-28,13],[-66,6],[-222,44],[-65,-7],[-39,9],[-137,-27],[-183,0],[-26,-4]],[[7465,770],[-48,15],[27,17],[-61,26],[22,29]],[[7405,857],[14,18]],[[7419,875],[73,-14],[28,23],[32,-6],[16,-22],[59,-9],[54,7],[13,35],[24,13],[87,9],[10,18],[46,-12],[66,12],[10,-24],[40,-10],[61,23],[-11,12],[63,16]],[[8090,946],[46,-8],[24,-23],[-10,-17],[36,-16],[74,11],[33,15],[72,-29],[128,2],[27,-39],[-31,-36],[52,-6]],[[8114,1217],[45,-41],[-46,-25],[7,-28],[52,-40],[11,-33],[-20,-33],[-66,-46],[-7,-25]],[[7419,875],[55,39],[32,37],[-46,67],[11,15],[61,0],[55,26],[29,-3],[45,33],[-27,51],[6,28]],[[7640,1168],[25,19],[47,3],[27,19],[43,-1],[32,-17],[61,-3],[12,19]],[[7887,1207],[36,4],[100,-18],[49,5],[42,19]],[[9110,1279],[38,-2],[133,22],[346,17],[26,-8],[-32,-49],[-38,0],[-3,-23],[35,-76],[-9,-35],[-51,-49],[-101,-25],[-48,-2],[-49,-22],[-91,-4],[-53,-23]],[[9213,1000],[-73,12],[15,25],[40,-6],[39,18],[-13,69],[-53,4],[-62,34],[-38,-1],[-22,17]],[[9046,1172],[133,46],[-34,14],[36,18],[-71,29]],[[9104,1297],[-27,-6],[-125,5],[-65,39],[36,33],[132,-25],[45,-22],[4,-24]],[[8585,1380],[60,23],[74,1],[5,0],[16,-1],[105,-9],[31,-28],[-89,-2],[-33,-17],[-59,-12],[34,-20],[92,0],[58,26],[41,-50],[190,-12]],[[9046,1172],[-39,-12],[-67,13],[-41,-25],[-52,-2],[-24,-14],[-108,-3],[-45,15],[-75,2],[-55,-7],[-20,44],[-36,-6],[4,30],[-18,45]],[[8565,1370],[20,10]],[[7640,1168],[-37,2],[5,44],[24,16],[-13,22],[-65,6],[-45,30],[-60,15]],[[7449,1303],[3,6]],[[7518,1322],[48,15],[35,-31],[36,1],[35,20],[65,9],[70,21]],[[7855,1316],[-3,-66],[50,-17]],[[7902,1233],[-15,-26]],[[8040,1320],[27,-9],[54,-48]],[[8121,1263],[-7,-46]],[[7902,1233],[50,41],[21,4],[-32,34],[-37,13]],[[8293,1286],[-22,-12],[-72,-4],[-44,-22],[-34,15]],[[7453,1334],[9,31],[39,25],[67,3]],[[7568,1393],[87,5],[82,13]],[[7737,1411],[57,1],[17,-21]],[[9213,1000],[-77,-60],[15,-59],[-37,-8],[-154,27],[-42,-7],[-105,-56],[-43,-11],[-229,-26]],[[9098,1530],[23,-7],[-30,-27],[-54,-26],[-110,-29],[-85,8],[-73,-13],[-180,-16],[-8,-14]],[[8581,1406],[-72,30],[29,23],[-30,12]],[[8020,1420],[-2,20]],[[8018,1440],[13,41],[20,12],[25,45]],[[8076,1538],[40,28]],[[8116,1566],[18,-14],[-22,-32],[30,-20],[45,-66],[16,-9]],[[8233,1432],[-15,13],[1,56],[39,10],[-46,46]],[[8581,1406],[4,-26]],[[7826,1543],[23,39],[-28,27]],[[8156,1571],[-40,-5]],[[8076,1538],[-87,15],[-134,-14]],[[7855,1539],[-29,4]],[[7209,1507],[-29,19],[-30,-7],[-63,26]],[[7087,1545],[-10,16],[44,17],[24,-7],[19,30],[-42,41],[-48,21],[-75,-23],[-46,9],[-28,18],[-35,1],[35,66],[38,-1],[0,28],[45,28]],[[7008,1789],[4,-1],[24,-2],[33,1],[70,-20],[53,20],[49,-7]],[[7241,1780],[90,-17],[3,-20],[72,-34],[34,0],[55,26],[20,-20],[48,-6]],[[7670,1630],[-29,-12],[-76,3],[-19,-34],[-28,-11],[23,-42]],[[7541,1534],[-35,-1],[-45,-34],[-98,-19],[-33,27],[-95,13],[-26,-13]],[[6711,748],[163,-36],[37,-1],[51,-37],[-71,-24],[-39,-24],[-4,-34],[-119,-19],[-39,6],[-195,76],[-40,-3],[-11,16],[42,20],[94,24],[19,-11],[61,36],[51,11]],[[7094,762],[-88,0],[52,38],[36,-38]],[[7465,770],[-150,-28],[-43,-1],[2,-27],[-45,-2],[-98,35],[-2,14],[46,13],[-81,38],[-88,0],[-38,-55],[-50,11],[36,44],[-19,6],[-46,-23],[6,-33],[-29,-7],[-125,49]],[[6741,804],[1,45],[84,24],[21,21],[53,-6],[32,22],[0,27]],[[6932,937],[44,-18],[36,11],[52,-5],[1,-17],[111,-10],[16,19],[79,-20],[75,-5],[33,-31],[26,-4]],[[6932,937],[-25,38],[53,13],[35,22],[-12,34],[-26,0],[-41,27],[25,17],[-1,30]],[[6940,1118],[202,30],[-6,13],[55,70],[-1,48],[27,9],[76,-1],[41,22]],[[7334,1309],[115,-6]],[[6940,1118],[-55,-25],[-48,35],[-102,23],[-20,-17],[-63,-4]],[[6652,1130],[-45,16],[10,31],[31,13],[-71,65],[-77,9]],[[6500,1264],[-14,38],[-30,-7],[-38,14],[17,22],[-35,10],[38,47],[-43,11],[9,28],[-36,20],[41,22]],[[6409,1469],[94,-10],[14,-20],[57,-21],[44,24],[77,24],[52,-19],[44,6],[65,-7],[26,19],[37,-9],[46,6],[22,43],[89,25],[11,15]],[[7209,1507],[-26,-44],[56,-42],[15,-28],[79,-13],[29,-26],[-29,-13],[1,-32]],[[7568,1393],[7,61],[-43,25],[11,32]],[[7543,1511],[41,17],[35,-12]],[[7619,1516],[-12,-9],[54,-51],[70,14],[44,-27]],[[7775,1443],[-39,-1],[1,-31]],[[6741,804],[-36,8],[-23,-16],[6,-23],[-93,-8],[-1,-16],[-93,-16],[-35,4],[-39,-39],[-79,15]],[[6348,713],[15,13],[-23,27],[33,20],[-41,30],[14,24],[-61,15],[32,23],[-47,20]],[[6270,885],[5,10],[64,3],[45,36],[-20,5],[4,36],[54,46],[-38,33],[-9,26],[-30,7],[35,23],[62,-6],[7,-14],[83,-2],[69,36],[51,6]],[[7541,1534],[2,-23]],[[6409,1469],[36,14],[16,38],[52,-4],[38,68],[-59,21],[-32,-10],[-39,13],[-25,-20],[-33,4]],[[6363,1593],[-13,60],[-78,5],[0,24],[-51,7],[38,34],[41,19],[-17,37],[21,21],[48,5],[39,44]],[[6391,1849],[81,28],[1,32],[-50,-6],[3,34],[55,1],[24,40],[53,25],[50,-5],[39,38],[34,-6]],[[6681,2030],[24,-32],[72,21],[10,-29],[69,-4],[-4,-45],[-45,0],[-35,-27],[34,-35],[0,-19],[74,-15],[36,9]],[[6916,1854],[14,-22],[40,-8],[7,-23],[31,-12]],[[7664,1833],[-60,-1],[-19,18],[-91,-7],[-26,-22],[-42,23],[-41,-1],[-26,-17],[-95,-3],[-23,-43]],[[6916,1854],[36,25],[7,38],[28,19],[38,-7],[63,22],[43,-20],[46,31],[-17,20],[63,21],[-3,21],[84,2],[54,28],[31,-3],[20,25],[134,54],[4,34]],[[6681,2030],[67,41],[-7,20],[-39,7],[-1,30],[67,-25],[25,14],[-15,25],[32,20],[53,-9],[16,22],[-42,30],[29,35]],[[6866,2240],[49,10],[34,24],[133,-30],[37,19],[50,3],[32,37],[85,2],[27,35],[99,66],[52,-7],[27,11]],[[6391,1849],[-23,24],[-39,1],[26,31],[-15,18],[-79,13],[-17,33],[-75,-3]],[[6169,1966],[-23,31]],[[6146,1997],[17,53],[26,2],[3,37],[39,15],[14,69],[58,21],[-9,45],[32,13],[-38,24],[1,31],[51,-2],[39,24],[11,27],[-81,25],[24,34],[57,9],[28,19],[-11,32],[28,15]],[[6435,2490],[82,-7],[14,8]],[[6531,2491],[88,7],[45,-18],[-14,-46],[-59,-47],[-13,-35],[59,-14],[34,-21],[69,-11],[37,-48],[37,-24],[52,6]],[[6531,2491],[16,28],[-73,28],[55,60],[45,-9],[100,3],[21,21],[61,22]],[[6756,2644],[78,10],[112,-14],[124,35],[22,-12],[69,35],[42,-7],[-13,-27],[31,-16],[121,5],[1,-35],[-18,-26],[123,-29],[39,8],[48,-19]],[[6435,2490],[-46,27],[-61,3],[-6,22],[-35,0]],[[6287,2542],[-75,2],[-29,-9],[-25,36],[3,30],[-27,16],[18,18],[-18,18]],[[6134,2653],[32,-6],[25,41],[-42,1],[-29,48],[48,2],[-58,53],[6,31],[37,19],[-38,9],[27,22],[-44,14],[14,17]],[[6112,2904],[62,-11],[63,9],[16,24],[-42,26],[-31,-1],[-10,24],[48,15],[54,42]],[[6272,3032],[90,-4],[44,16],[6,-45],[54,-47],[-4,-9],[59,-32],[55,24],[73,-8],[32,13]],[[6681,2940],[1,-30],[26,-21],[-64,-37],[-9,-28],[76,-35],[19,-54],[-42,-5],[21,-30],[-20,-11],[67,-45]],[[6681,2940],[58,13],[-1,25],[40,24],[-18,17],[142,10],[31,-19],[65,16]],[[6998,3026],[31,-19],[61,21],[121,1],[67,13]],[[7961,1424],[-6,13]],[[7955,1437],[16,6]],[[7971,1443],[12,0]],[[7983,1443],[1,-19]],[[7983,1443],[35,-3]],[[7955,1437],[-53,9],[-50,-12],[-64,13]],[[7788,1447],[34,26],[-26,27],[41,13],[-27,29]],[[7810,1542],[16,1]],[[7855,1539],[116,-96]],[[7619,1516],[33,25],[39,-22],[63,21],[56,2]],[[7788,1447],[-13,-4]],[[3287,5480],[-150,19],[-46,15],[-55,33],[-43,8],[-22,-21],[-46,-2],[-37,19],[-3,59],[42,53],[76,59],[-26,3],[-62,-62],[-33,-11]],[[2882,5652],[-1,20],[41,25],[-29,39],[0,26],[59,36],[-39,73],[34,21]],[[2947,5892],[86,7],[103,-43],[-40,-50],[-28,-7],[9,-34],[48,-13],[4,-34],[75,-18],[40,-30],[42,-6],[32,-21],[62,-2],[43,24],[37,1],[41,-35],[86,12],[23,-22],[82,4],[18,-35],[-18,-24],[92,-14],[98,-32],[0,-29]],[[3882,5491],[-56,-11],[-8,-18],[-49,9],[-39,-35],[30,-33],[11,-35],[-59,-24],[-13,-39],[-42,-6],[1,-44],[-79,4],[-26,-13]],[[3553,5246],[-62,1],[-60,32],[-152,34],[-64,19]],[[3215,5332],[65,31],[72,5],[57,21],[-10,33],[22,15],[-134,43]],[[4555,5875],[60,-2],[50,11],[4,1],[149,31]],[[4818,5916],[61,-8],[88,13],[17,17],[53,-18],[59,22]],[[5096,5942],[-20,-48],[20,-28],[37,-12],[98,-4],[107,-41],[-76,-50],[-77,-12],[-68,-22],[-51,-1],[-66,17],[-77,-3],[-136,-68],[-39,-8],[-55,-60],[-75,-2],[-101,-26],[-84,-2],[-173,24],[-90,-1]],[[4170,5595],[36,46],[-18,23],[42,16],[19,62],[59,38]],[[4308,5780],[99,5],[44,-8],[58,28],[22,36],[68,10],[-44,24]],[[4170,5595],[-47,7],[-2,-27],[37,-5]],[[4158,5570],[21,-32],[-96,-83],[-72,-10]],[[4011,5445],[-32,6],[-22,25],[-75,15]],[[2947,5892],[-30,26],[-4,60],[84,-10],[171,14],[-10,39]],[[3158,6021],[305,16],[71,13],[45,-39],[36,-4],[61,16],[100,-32],[-75,-30],[-93,-11],[-9,-45],[21,-56],[58,-40],[79,-14],[106,41],[104,-18],[16,-22],[-11,-52],[38,-14],[47,6],[31,22],[76,14],[48,23],[96,-15]],[[2865,5393],[-9,57],[22,41],[92,18],[68,-15],[232,-20],[17,6]],[[3215,5332],[-12,10],[-100,-13],[-10,31],[-74,24],[-1,32],[-51,18],[-47,4],[-31,-46],[-24,1]],[[2882,5652],[-27,57],[-29,-6],[37,-80],[-17,-17],[10,-67],[-39,-8],[12,-31],[-70,-70],[-47,3],[-32,33],[-53,-5],[-70,28],[-76,-39],[44,-56],[-102,19],[-41,41],[10,65],[-14,27],[27,14],[116,98],[118,35],[55,54],[-23,12],[-47,-50],[-128,-42],[-89,-65],[-29,-4],[-19,-31],[-37,-13],[-61,3],[-8,-49],[26,-7],[25,-75],[60,-31],[36,-46],[-22,-18],[-53,-12],[-49,-27],[-61,-70],[7,-31],[31,-17],[-36,-21],[7,-17],[-68,-93],[-42,-20],[44,-19],[31,-31],[-46,-38],[-88,-26],[-44,7],[-36,-11],[-62,2],[-18,30],[-3,59],[82,46],[-7,60],[15,27],[-15,20],[52,70],[-8,31],[58,24],[49,52],[-71,28],[-29,53],[45,33],[-52,5],[-17,27],[118,88],[-48,-6],[-47,-26],[-23,4],[39,38],[118,76],[-9,23],[39,32],[-19,16],[-46,-30],[-18,9],[53,51],[3,22],[56,12],[-19,17],[-75,-21],[-16,9],[27,64],[67,67],[57,37],[36,8],[108,5],[86,-12],[65,16],[68,44],[24,26]],[[2638,6041],[14,-3],[169,19],[28,34],[94,6],[127,38],[93,-31],[-17,-72],[12,-11]],[[2631,6043],[-25,-25],[-81,-45],[-46,-2],[-114,12],[-47,-7],[-17,35],[62,101],[58,30],[-21,14],[101,23]],[[2501,6179],[49,-52],[64,-16],[17,-68]],[[2188,6089],[-90,-54],[-73,-28],[-110,36],[-90,11],[-160,63],[-5,22],[30,9]],[[1690,6148],[75,-23],[42,14]],[[1807,6139],[12,4]],[[1819,6143],[32,11],[100,-9],[49,5],[103,-21],[8,-29],[77,-11]],[[2731,5300],[-114,51],[-26,53],[-37,12],[-27,51],[35,9],[92,-38],[33,-31],[41,-65],[-19,-23],[22,-19]],[[1559,5394],[3,-28],[53,-32],[-9,-22],[30,-12],[8,-44],[-88,-38],[-59,-12],[-59,0],[-50,-40],[-53,0],[-8,41],[81,30],[-36,40],[-52,10],[5,17],[76,40],[-54,8],[-52,-11],[-41,-47],[-82,-44],[-43,6],[11,53],[48,35],[-5,59],[47,20],[89,16],[31,-12],[100,45],[69,23],[21,-11],[19,-90]],[[1526,5652],[-35,-28],[-9,-35],[-80,-12],[17,47],[55,34],[52,-6]],[[1904,5568],[-90,-87],[-23,-36],[-64,-26],[-18,-50],[-69,-8],[-38,13],[-26,67],[12,31],[84,32],[15,53],[63,43],[54,13],[169,76],[23,-5],[6,-33],[-55,-32],[-43,-51]],[[1963,5698],[-14,14],[54,22],[16,-21],[-56,-15]],[[2114,5848],[-40,-46],[-27,21],[28,23],[39,2]],[[1497,5980],[-83,0],[-28,13],[52,18],[59,-31]],[[724,5957],[-90,14],[-26,40],[95,12],[64,17],[107,12],[-2,-28],[-65,-4],[-2,-15],[-68,-16],[-13,-32]],[[1633,6117],[87,-87],[107,0],[70,-10],[23,-17],[47,-4],[44,-35],[35,-4],[-24,-50],[-74,7],[-11,-22],[32,-22],[-95,-31],[-43,-5],[-71,20],[-131,-28],[-31,-15],[-39,9],[-48,-14],[-99,0],[-29,-18],[-65,12],[-42,42],[33,20],[160,-12],[109,20],[-22,12],[-79,-6],[-26,19],[49,25],[24,32],[121,20],[6,36],[-119,-27],[-72,45],[-100,9],[-54,18],[51,18],[-37,31],[144,36],[77,8],[65,-12],[27,-20]],[[1064,6099],[-56,-22],[-56,2],[83,68],[92,31],[57,3],[-40,-44],[-80,-38]],[[2501,6179],[-16,28],[18,23],[72,37],[-26,7],[-59,-27],[-37,-43],[-77,-19],[-51,-34],[-137,-62]],[[1819,6143],[-40,26],[-63,12],[-74,-2],[-106,9],[-41,-16],[-65,16],[-13,30],[58,24],[165,8],[84,17],[86,-6],[71,15],[-52,24],[123,70],[-125,6],[-11,30],[33,59],[49,21],[61,3],[44,-31],[67,-12],[20,11],[-84,19],[6,24],[-78,5],[-36,22]],[[1898,6527],[95,37],[107,-46],[66,41]],[[2166,6559],[49,13]],[[2215,6572],[37,30],[196,-8],[29,-38],[204,15],[64,41],[123,-39],[67,6],[98,56],[82,1],[52,-16],[102,-73],[157,28],[101,41],[49,11],[149,2],[116,39],[-14,31],[47,56],[88,26],[52,53],[65,21],[5,29],[52,13],[164,-21],[30,13]],[[4330,6889],[91,-24],[49,-44],[-60,-23],[-51,-56],[-5,-49],[23,-28],[-37,-57],[39,-35],[-37,-23],[-214,-70],[206,-84],[-9,-36],[217,-27],[22,5]],[[4564,6338],[61,-30],[97,-70],[-48,-19],[-20,-37],[13,-18],[69,-22],[45,-28],[-11,-26],[28,-6],[-18,-39],[-55,6],[-32,-17],[16,-41],[27,-9],[-15,-33],[33,-3]],[[4754,5946],[-125,-60],[-22,-4],[-15,-3],[-37,-4]],[[2638,6041],[-7,2]],[[1690,6148],[117,-9],[-42,-14],[-75,23]],[[1379,6483],[29,-6],[-14,-34],[-51,-27],[-60,3],[-17,22],[-85,30],[97,47],[42,3],[80,-29],[-21,-9]],[[1492,6652],[3,-11],[1,-2],[-132,-19]],[[1364,6620],[128,32]],[[3436,7878],[37,9],[64,-16],[51,23],[53,8],[84,0],[58,28],[26,-20],[115,-5],[92,7],[161,44],[101,5],[36,-22],[91,11],[89,-12],[15,18],[-67,32],[59,18],[11,-21],[40,-4],[114,12],[56,-18],[106,6],[36,-7],[-32,-49],[-86,-68],[11,-26],[58,-2],[-23,-63],[-47,-41],[-97,-59],[-138,-27],[-95,-36],[-38,-40],[-45,-23],[-235,-88],[-99,-28],[-36,-39],[-140,-36],[-50,-6]],[[3772,7343],[-24,40],[40,30],[-11,125],[-107,5],[-37,-11],[-113,-10],[-105,28],[-21,41],[61,48],[143,13],[-1,16],[-115,44],[24,47],[1,66],[-71,53]],[[5007,8139],[-30,-9],[-13,-29],[16,-28],[-31,-16],[-51,24],[14,14],[-66,50],[89,12],[74,-7],[-2,-11]],[[4621,8209],[56,-39],[40,-62],[-153,-7],[-31,36],[-54,33],[5,13],[-61,6],[15,31],[72,19],[111,-30]],[[4717,8435],[37,-17],[40,4],[35,-35],[61,-15],[0,-13],[-63,-11],[-65,-36],[59,-16],[51,24],[40,-17],[44,12],[74,-34],[80,16],[8,-17],[59,-2],[22,-36],[-84,-20],[-58,-26],[-81,16],[-71,56],[-96,-29],[-142,-12],[-27,12],[-8,40],[30,30],[-63,2],[10,-27],[-71,-19],[-46,54],[24,34],[-7,41],[28,27],[100,20],[80,-6]],[[5297,8444],[40,-5],[-6,-24],[45,0],[10,-34],[-70,-9],[-29,55],[10,17]],[[4853,8472],[56,-18],[2,-27],[-97,0],[-52,23],[13,29],[57,6],[21,-13]],[[5133,8529],[44,-19],[-36,-28],[2,-27],[-76,11],[47,19],[-6,37],[25,7]],[[5533,8575],[-68,-14],[-119,-38],[-37,6],[-62,-34],[-28,9],[99,44],[9,26],[43,11],[59,-15],[104,5]],[[4942,8625],[-15,-21],[70,-21],[26,-30],[-111,20],[-49,-11],[-31,36],[90,38],[20,-11]],[[187,6456],[-101,-42],[-86,10],[43,26],[-8,27],[96,12],[44,-12],[12,-21]],[[218,6842],[96,-31],[14,-39],[-87,27],[-42,24],[-24,-6],[25,-24],[70,-21],[66,-6],[46,-32],[-35,-15],[-41,-53],[15,-34],[-21,-29],[65,-31],[-25,-12],[-88,8],[-34,-9],[-40,27],[-28,48],[3,32],[-44,19],[70,69],[-41,69],[80,19]],[[283,6913],[76,-22],[-30,-24],[48,-15],[-93,-13],[-112,27],[-12,11],[41,40],[82,-4]],[[394,7069],[104,-3],[29,-16],[-37,-25],[-77,31],[-33,-25],[41,-4],[32,-65],[-25,-25],[-139,-2],[-34,7],[-35,34],[-97,23],[-22,-12],[-88,25],[73,63],[86,-24],[68,24],[82,-12],[0,17],[80,20],[-8,-31]],[[746,7618],[75,-39],[-88,0],[-14,34],[27,5]],[[1459,7713],[30,-9],[-88,-31],[-4,-18],[-69,-23],[8,-49],[72,8],[88,33],[1,-39],[-59,-25],[-132,6],[-66,13],[36,-44],[-7,-20],[-73,-12],[50,-24],[45,-58],[-77,-32],[-129,13],[-7,-7],[103,-31],[-37,-31],[-51,-20],[-122,3],[-52,48],[-11,25],[-58,0],[36,-37],[60,-32],[14,-44],[-125,20],[-30,-20],[45,-12],[29,-26],[-20,-12],[-90,-12],[-59,-43],[-93,-29],[-129,71],[24,1],[125,51],[0,24],[70,38],[-59,19],[-62,-1],[-110,32],[58,32],[-18,34],[-55,57],[36,40],[59,15],[-19,38],[27,18],[74,-14],[69,-53],[30,16],[76,12],[53,-18],[-37,43],[-38,51],[111,50],[101,10],[68,16],[37,21],[190,66],[84,45],[67,-28],[41,-57],[-27,-9],[-25,-39],[21,-10]],[[5726,6363],[-130,-88],[-60,-18],[-52,-33],[-12,-41],[-38,-34],[7,-25],[-53,-42],[-100,-34],[-19,-19],[-63,-18],[-29,-31],[-40,6],[-317,-22],[-66,-18]],[[4564,6338],[15,57],[82,24],[156,-25],[99,53],[131,4],[182,-34],[41,-23],[-20,-56],[26,-24],[29,1],[-8,-44],[20,-18],[51,10],[88,-11],[-14,29],[38,14],[65,-7],[75,65],[66,18],[40,-8]],[[4818,5916],[120,29],[70,24],[88,-27]],[[4842,7081],[133,32],[169,0],[29,-13],[77,8],[143,-27],[30,13],[70,-13],[77,13],[34,-8],[58,19],[69,-17],[110,27],[118,-2],[26,-25],[44,6],[110,-63],[32,-81],[43,-48],[-75,-43],[-22,-30],[-112,-48],[-27,-21],[-69,-85],[-26,-47],[-3,-36],[24,-16],[-115,-90],[-47,-66],[15,-31],[-31,-26]],[[4330,6889],[10,17],[146,47],[58,-1],[33,27],[74,18],[66,-45],[58,44],[67,30],[-23,18],[23,37]],[[1898,6527],[76,51],[74,8],[118,-27]],[[2215,6572],[-54,-7],[-47,25],[-90,13],[-6,25],[52,38],[-20,15],[26,18],[127,23],[65,38],[-26,6],[-44,-25],[-100,-17],[-62,11],[-68,-6],[20,43],[51,20],[44,-11],[120,27],[48,21],[-9,28],[-105,-56],[-51,7],[-14,42],[-89,-52],[-83,-11],[-25,6],[-19,36],[15,44],[-51,10],[-12,44],[33,72],[57,-3],[103,-44],[116,10],[-55,17],[-29,-12],[-58,35],[-52,48],[-46,8],[16,49],[60,11],[32,-17],[33,18],[-50,22],[-89,9],[-8,83],[37,31],[56,6],[54,-12],[15,-63],[61,-1],[19,37],[-69,42],[-4,16],[44,31],[67,-12],[-7,-25],[75,-30],[40,13],[23,35],[63,-9],[81,-33],[18,11],[-47,23],[-69,14],[20,26],[74,-32],[44,7],[62,-16],[-7,57],[-94,19],[-80,44],[-65,2],[15,20],[-35,29],[61,7],[25,-24],[70,4],[24,33],[-20,27],[24,18],[-61,25],[-65,58],[18,17],[70,-19],[78,13],[69,-6],[47,19],[66,-19],[92,0],[-9,19],[-64,-11],[-50,16],[-68,46],[-14,25],[32,56],[100,36],[-59,30],[2,25],[81,28],[12,29],[69,28],[99,6],[79,-33],[29,20],[33,-20],[73,-20],[-7,-48],[58,20],[30,45],[26,5],[91,-13],[52,-17],[-25,-34],[17,-12],[89,36]],[[3772,7343],[5,-16],[27,-9],[21,-17],[-22,-37],[-66,6],[-37,-19],[-121,19],[-87,-10],[32,-15],[65,11],[38,-18],[143,-19],[60,22],[74,-32],[40,8],[85,46],[9,-33],[-213,-123],[-38,1],[8,24],[-66,6],[-83,-35],[-149,-11],[-15,-23],[-102,-42],[25,-18],[55,33],[136,45],[113,-15],[94,28],[5,-12],[-122,-76],[-96,-38],[-44,-50],[58,-5],[171,60],[-22,26],[98,7],[136,0],[164,56],[100,-12],[17,18],[75,17],[14,31],[89,10],[133,-3],[80,-24],[141,-23],[42,-1]],[[1749,6735],[-36,-6],[-59,30],[62,4],[33,-28]],[[1687,6924],[-37,-73],[1,-28],[29,-37],[-70,-19],[-24,42],[17,74],[48,9],[-22,25],[58,7]],[[1364,6620],[8,27],[-74,-7],[-117,82],[-29,32],[70,21],[85,-31],[15,9],[-89,37],[-112,31],[-11,21],[-44,-12],[-2,-44],[-18,-8],[-98,16],[-45,19],[-19,37],[-44,16],[-11,20],[65,0],[-26,29],[43,22],[64,-48],[51,9],[-34,23],[34,40],[-59,13],[25,23],[63,5],[9,-21],[106,-43],[99,17],[-18,20],[32,37],[-43,6],[-17,42],[109,49],[172,-100],[19,-118],[-18,-40],[37,-18],[-23,-22],[43,-39],[58,-22],[-8,-15],[82,-19],[57,-4],[24,-22],[82,13],[31,14],[61,5],[18,-12],[80,0],[-13,-38],[-34,-31],[-98,-21],[-19,-39],[-46,-15],[-81,-53],[-94,-20],[-26,15],[29,51],[45,39],[65,30],[-91,0],[-40,19],[-54,-59],[-30,3],[-12,49],[-56,12]],[[6948,9391],[24,-32],[-23,-37],[-52,14],[-13,51],[64,4]],[[7233,9782],[54,-1],[-28,-29],[-92,11],[-73,37],[125,0],[14,-18]],[[6715,9774],[-10,-32],[-37,-29],[22,-14],[-22,-30],[9,-30],[33,-14],[68,5],[-19,25],[36,25],[34,-14],[37,-47],[-15,-18],[45,-9],[54,39],[26,-10],[-32,-72],[-84,-4],[6,-12],[82,-15],[-67,-28],[51,-17],[-80,-19],[7,-25],[-31,-31],[46,-3],[-8,-35],[-47,-37],[-7,-24],[40,-21],[-59,-19],[29,-38],[-54,-19],[-34,-88],[-78,10],[-31,15],[13,26],[44,18],[-6,36],[28,30],[43,79],[-6,25],[-47,36],[47,59],[-20,1],[-45,-39],[-22,7],[-114,-51],[-77,34],[-22,34],[-72,-13],[-58,22],[-22,42],[35,19],[109,0],[117,14],[88,0],[22,24],[64,15],[-119,24],[11,31],[-58,7],[1,27],[-118,29],[-66,-8],[66,51],[36,17],[111,21],[-8,26],[99,2],[36,-10]],[[6943,9898],[92,-4],[-3,-50],[18,-18],[-36,-38],[-54,-10],[57,-25],[-33,-22],[10,-48],[-105,-5],[-40,32],[-14,87],[74,51],[-3,31],[37,19]],[[7269,9950],[-35,-12],[7,-31],[-52,-25],[30,-30],[-121,-3],[-33,8],[24,33],[-10,24],[76,85],[71,-2],[56,-16],[-13,-31]],[[5905,9341],[-42,-5],[-25,20],[39,11],[28,-26]],[[4442,4025],[-29,10],[-62,49],[-146,99],[47,47],[28,72],[68,76],[35,9],[40,42],[-10,15],[56,79],[46,18],[53,-15],[44,12],[-68,19],[44,21],[68,10],[97,-20],[36,20],[17,8],[4,1],[13,4],[17,11]],[[4840,4612],[23,26],[-35,40],[108,-1],[14,18],[110,41]],[[5060,4736],[97,-19],[80,44]],[[5237,4761],[72,-33],[106,24],[30,-6],[29,-43],[-40,-19],[-1,-71],[-32,-25],[33,-49],[42,-3],[97,-63],[50,-39]],[[5623,4434],[5,-43],[-104,-53],[38,-55],[52,-27],[30,1],[46,-27],[78,-17],[25,-17],[-5,-26],[-124,-64],[-11,-54]],[[5653,4052],[-79,-20],[-51,-2],[-76,49],[-79,-2],[-58,-11],[-60,13],[-29,52],[-119,22],[-36,14],[-37,-12],[-109,6],[-24,11],[-153,-22],[-87,-41],[5,-37],[-29,-28],[-66,-12],[-124,-7]],[[4840,4612],[-101,-11],[-341,12],[-51,10],[-26,-14],[-48,17],[-14,-25],[14,-63],[-30,-20],[-128,3],[-23,-20],[-112,6],[-15,-20],[36,-18],[-66,-17],[-84,-31],[-84,-3],[-8,50],[-31,1],[-5,-44],[-42,-3],[-55,17],[-70,47],[-34,-3],[-79,19],[-62,43],[-26,-35],[26,-41],[59,-16],[-10,-60],[9,-37],[-25,-18],[-143,21],[-98,65],[-126,39],[-72,14],[-20,26],[-63,4],[-50,-15],[-52,-36],[62,-97],[31,-13],[-14,-50],[-68,15],[-17,21],[5,49],[-36,6],[-16,33],[-32,10],[-102,61],[-50,61],[5,86],[70,16],[43,-46],[4,-41],[52,-20],[26,23],[-62,74]],[[2691,4644],[81,-11],[11,47],[36,15],[85,-2],[88,-41],[134,24],[-24,26],[17,31],[40,21],[-44,39],[35,17],[89,4],[73,-33],[72,-7],[52,47],[7,67],[87,23],[51,-13],[41,6],[48,23],[5,38],[82,90],[45,15]],[[3802,5070],[95,-20],[56,23],[70,-29],[-35,-26],[-4,-24],[76,-34],[59,14],[55,-41],[37,-13],[43,17],[20,29],[-21,29],[40,34],[77,-12],[86,-2],[78,26]],[[4534,5041],[52,-21],[-15,-50],[9,-17],[86,9],[113,-19],[28,-41],[47,-25],[39,8],[91,-5],[-7,-35],[52,-13],[-39,-73],[70,-23]],[[4011,5445],[6,-11],[72,3],[29,-30],[-27,-9],[-15,-50],[55,16],[78,3],[87,-60],[73,21],[32,-37],[-19,-28],[117,-45],[0,-27],[43,-72]],[[4542,5119],[-34,-37],[26,-41]],[[3802,5070],[63,32],[24,44],[-132,28],[-72,-24],[-74,-2],[-9,40],[-33,19],[-16,39]],[[4158,5570],[23,-12],[85,6],[184,-25],[80,4],[29,-15],[195,-7],[33,-20],[81,2],[81,18],[61,35],[13,21],[73,31],[180,-6],[70,-31],[-15,-20],[59,-5],[22,12],[135,-43]],[[5547,5515],[-64,-19],[-30,-30],[-98,6],[-51,-5],[-61,-48],[-10,-29],[-62,15],[-66,-3],[-34,-24],[-60,-17],[2,-27],[-82,-21],[-47,-27],[18,-11],[-27,-42],[66,-14],[-7,-34],[-70,-35],[-54,-14],[-126,17],[-28,-29],[-114,-5]],[[5010,3669],[15,23],[-53,51],[64,43],[34,7],[33,34],[-59,54],[-57,3],[-17,-24],[-68,-8],[-30,20],[4,24],[-39,7],[-18,-43],[-61,-48],[-77,-10],[-55,13],[9,43],[19,19],[-18,21],[-80,-10],[-108,79],[-6,58]],[[5653,4052],[-11,-60],[-31,-15],[26,-30]],[[5637,3947],[3,-36],[-77,-25],[-11,-25],[49,-13],[29,-46],[-55,-23],[-57,-40]],[[5518,3739],[-65,0],[-32,-13],[-64,-1],[-69,-70]],[[5288,3655],[-75,5],[-27,20],[-64,-2],[-52,-34],[-40,3],[-20,22]],[[5547,5515],[80,-26],[172,-16],[19,-26],[53,-18],[75,-72],[141,-89],[22,-27]],[[6109,5241],[-54,-48],[-99,-13],[-13,19],[-125,-2],[-63,-51],[-43,-7],[15,-38],[-14,-15],[66,-33],[-64,-29],[-58,3],[-58,-33],[4,-37],[-152,-1],[-69,-29],[-45,-8],[-2,-24],[-79,-26],[-2,-26],[-49,-42],[32,-40]],[[2691,4644],[-4,31],[45,85],[65,24],[70,47],[43,52],[10,51],[64,35],[25,41],[106,32],[35,43],[-35,38],[-39,7],[17,37],[-54,32],[-103,16],[8,16],[-62,20],[-56,30],[64,44],[-25,68]],[[2614,5034],[-49,-4],[-106,11],[-89,33],[-15,50],[15,12],[-46,36],[-4,52],[40,40],[99,30],[69,-17],[41,-26],[37,-65],[-13,-12],[47,-23],[2,-21],[-36,-7],[35,-33],[16,-42],[-43,-14]],[[5844,3228],[-20,28],[-49,19],[2,34],[-23,18],[-65,-14]],[[5689,3313],[16,45],[-33,24],[32,17]],[[5704,3399],[-9,30],[47,48],[84,21]],[[5826,3498],[31,-25],[64,-9],[-10,-39],[26,-18],[1,-36],[23,-10]],[[5961,3361],[93,-69],[-6,-18]],[[6048,3274],[-56,-21],[-40,16],[-108,-41]],[[6190,3462],[-30,33],[-60,-12],[-21,29],[-86,-6],[-36,24],[-75,10]],[[5882,3540],[20,36],[-47,21],[-36,43],[-52,17],[-46,-15],[-4,36],[-53,9],[-112,0],[5,29],[-39,23]],[[5637,3947],[109,-2],[39,-16],[56,2],[53,-16],[27,-27],[84,-23]],[[6005,3865],[5,-29],[82,-29],[-1,-37],[46,-49],[45,-9]],[[6182,3712],[2,-21],[-152,-22],[9,-16],[55,-26],[88,-17],[20,-21],[58,-8],[17,-57],[48,-19],[18,-25]],[[6345,3480],[-35,-2],[-12,-26],[-63,-4]],[[6235,3448],[-45,14]],[[6235,3448],[60,-59],[9,-23],[83,-3],[26,-14]],[[6413,3349],[-56,-41],[-104,-16],[-91,-23]],[[6162,3269],[-83,-3],[-31,8]],[[5961,3361],[44,5],[89,36],[60,11],[6,38],[30,11]],[[6005,3865],[34,29],[111,43],[53,4],[30,33],[126,-13],[-24,-21],[16,-25],[80,-17],[76,3]],[[6507,3901],[15,-1],[45,-101],[-42,0],[-6,-18],[79,-8],[52,-35],[0,-30]],[[6650,3708],[-47,2],[-28,-15],[-10,-37],[-46,5],[-33,-32],[-51,36],[-68,-5],[-46,20],[-61,4],[9,32],[-49,4],[-38,-10]],[[6503,4525],[-61,-15],[-8,37],[-41,2],[-35,-21],[-83,15],[-87,-23],[-112,34],[-87,-10],[-66,-23],[-63,-5],[-16,-29],[-63,-34]],[[5781,4453],[-29,-23],[-91,19],[-38,-15]],[[6109,5241],[44,-30],[52,9],[22,-21],[52,-6],[73,-25],[49,-94],[-4,-98],[33,-44],[-13,-39],[15,-29],[38,-23],[14,-32],[-15,-25],[28,-30],[17,-45],[22,-7],[50,-72],[47,-24]],[[6633,4606],[-11,-14],[-120,-30],[1,-37]],[[6633,4606],[14,-64],[78,-132]],[[6725,4410],[-63,-18],[-36,4]],[[6626,4396],[-17,58],[-26,2],[-2,30],[-38,32],[-40,7]],[[5781,4453],[108,-10],[50,19],[64,-46],[24,21],[118,17],[22,-9],[1,-36],[53,5],[20,-12],[49,12],[41,-37],[81,-4],[8,-14],[126,5]],[[6546,4364],[-16,-31],[-48,-34],[-8,-44],[21,-19],[80,-10],[17,-44],[-35,-31],[7,-25],[53,8],[21,-15],[49,1],[122,-35],[9,-28],[31,-19]],[[6849,4038],[-65,-30],[-27,20],[-68,-3],[-1,-16],[-59,-17],[1,-16],[-60,-14],[-40,21],[-25,-11],[25,-18],[-42,-9],[19,-44]],[[6626,4396],[-69,-11],[-11,-21]],[[5121,3099],[-22,-11],[-93,12],[-41,15],[-60,39],[-124,139],[13,43]],[[4794,3336],[66,-8],[41,30],[98,9],[34,26],[43,3],[33,-15],[47,7],[13,-34]],[[5169,3354],[-39,-1],[-63,-48],[36,-24]],[[5103,3281],[-37,-30],[15,-48],[37,-2],[50,-41],[-63,-8],[10,-12],[-34,-24],[40,-17]],[[4794,3336],[67,57],[99,59],[10,4],[1,13]],[[4971,3469],[-1,30],[-46,9],[13,44],[54,16],[-37,38],[-16,57]],[[4938,3663],[72,6]],[[5288,3655],[91,-38],[4,-26],[33,-9],[9,-42],[-63,-5],[-51,-15],[39,-17],[2,-51],[31,-7],[46,-33]],[[5429,3412],[-80,-32],[2,-24],[-57,-17]],[[5294,3339],[-18,13],[-50,-5],[-35,19],[-22,-12]],[[5114,3067],[41,11],[-34,21]],[[5103,3281],[71,-25],[28,-21],[63,-2],[64,16],[73,-18],[45,5]],[[5447,3236],[36,-68],[54,10],[78,-10],[46,-53]],[[5661,3115],[4,-50],[-39,-51]],[[5626,3014],[-90,-12],[-94,60],[30,29],[-76,18],[-44,-43],[-86,-7],[14,-45],[-80,-9]],[[5200,3005],[-103,6],[-21,10],[38,24],[0,22]],[[5294,3339],[68,-30],[-14,-12],[48,-20]],[[5396,3277],[16,-17],[39,0],[-4,-24]],[[5704,3399],[-55,19],[-73,-13],[-28,30],[-89,-43],[-30,20]],[[5882,3540],[-57,-23],[1,-19]],[[5689,3313],[-34,-13],[-28,23],[-54,3],[5,-49],[-43,10],[-109,4],[-30,-14]],[[4971,3469],[-70,0],[-69,31],[-8,31],[17,110],[97,22]],[[5844,3228],[13,-36],[-78,15],[-11,-17],[-71,-30],[7,-37],[-43,-8]],[[6849,3465],[-46,-6],[40,-34],[-50,-10],[39,-31],[-112,-60],[-53,0]],[[6667,3324],[-6,17],[-65,20],[-89,-15],[-69,11],[-25,-8]],[[6345,3480],[15,-23],[54,19],[27,-8],[68,8],[11,-17],[92,-3],[26,12],[-21,21],[62,7],[64,-13],[12,-18],[44,15],[41,-2]],[[6840,3478],[9,-13]],[[7917,3652],[21,-33],[114,-90],[191,-146],[17,-30],[-99,29],[-45,2],[-64,-16],[-91,19],[-102,67],[-86,19],[-135,-24],[-121,-4],[-37,17],[-62,3],[-52,-13]],[[7366,3452],[-55,14],[-26,44]],[[7285,3510],[166,21],[30,-10],[40,37],[-37,19],[4,28],[-26,12],[36,17],[54,-19],[134,-6],[0,16],[80,-7],[46,5],[6,20],[99,9]],[[6272,3032],[-21,24],[16,17],[-41,7],[-148,47],[47,79],[89,18],[-52,45]],[[6667,3324],[12,-18],[46,-3],[-14,-30],[57,-19],[-25,-23],[134,-36],[7,-33],[91,-4],[29,-37],[-49,-11],[38,-22],[-8,-31],[41,-22],[-28,-9]],[[7319,4207],[178,-57],[43,-28],[3,-25],[61,-28],[35,-37],[35,-73],[38,-25],[91,-22],[18,-38],[29,-15],[131,-26],[38,-18],[-94,-27],[-33,-19],[-27,-36],[52,-81]],[[7285,3510],[-71,27],[-55,7],[-59,-60],[10,-21],[-46,-20],[-35,11],[-66,-1],[-4,-13],[-110,25]],[[6840,3478],[20,36],[-4,43],[18,15],[-67,9],[33,41],[-54,28],[-92,6],[-44,52]],[[6849,4038],[42,-25],[43,5],[20,54],[34,9],[-1,26],[-49,34],[32,23],[75,12],[58,-22],[47,10],[47,-5],[44,22],[66,-8],[12,34]],[[7366,3452],[-44,-15],[36,-13],[29,18],[5,1],[69,1],[71,-28],[47,15],[192,18],[30,-6],[97,-80],[100,-40],[52,-6],[51,-32],[121,-48]],[[6725,4410],[97,-61],[30,-38],[-37,-28],[102,2],[66,-7],[52,-17],[221,-34],[63,-20]],[[3882,323],[-37,9],[-68,-24],[-33,26],[-47,13],[3,31],[-65,5],[-28,38],[23,25],[-32,14],[-37,-20],[20,-46],[39,-29],[-38,-31],[-40,31],[-91,13],[-50,-3],[-119,-36],[-177,-5],[-29,18],[-70,-11],[-3,-26],[-30,-22],[7,-16],[-25,-29],[-67,2]],[[2888,250],[-4,18],[28,34],[-26,27],[-38,8],[-24,43],[50,36],[6,26],[-30,6],[-31,30],[-55,-9],[-58,7]],[[2706,476],[8,43],[31,22],[52,13],[29,25],[137,5],[46,45],[-6,14],[112,54]],[[3115,697],[18,-5],[115,-1],[112,23],[63,-18],[55,-1],[7,-18],[45,15],[44,-9],[-25,-43],[23,-28],[121,-11],[130,35]],[[3823,636],[15,-15],[71,-10],[83,-3],[11,-15],[-68,-28],[23,-23],[-3,-26],[-69,-29],[24,-19],[23,-45],[86,-38],[-18,-36],[-119,-26]],[[4083,1437],[-37,49],[-78,43],[-115,-7],[-40,-23],[27,-26],[-84,6],[-19,-13],[-55,10],[-48,-22],[-50,-3],[-82,15],[12,21],[-12,36],[213,21],[22,20],[-81,5],[-58,17],[-100,-12],[-52,17],[-40,33],[18,14],[-69,30],[0,-26],[-36,-10],[-122,5],[-76,-8],[-35,-14],[-37,-62],[-146,-3],[-33,-8],[-66,-38],[-112,28],[-6,27],[-53,8],[-14,19],[82,-7],[206,38],[-31,17],[12,41],[-63,-2],[31,-38],[-19,-19],[-107,-11],[-149,11],[-34,-11],[-53,22],[57,27],[55,8],[20,18],[-11,51],[-24,19],[-103,6],[-60,-6],[-12,19],[15,29],[59,6],[32,18],[91,15],[33,16],[8,41],[71,4],[57,-17],[138,11],[-6,28],[65,14],[42,33],[108,35],[133,-3],[153,68],[59,6],[108,49]],[[3582,2122],[30,-34],[26,5],[81,-12],[37,-14],[-14,-13],[70,-31],[91,-11],[22,-16],[57,-10],[46,17],[67,-4]],[[4095,1999],[30,-45],[46,-15],[51,-40],[-24,-30],[-38,-8],[-49,-41],[29,-52],[40,-8],[50,-26]],[[4230,1734],[4,-42],[65,-8],[-15,-32],[-62,-21],[27,-27],[0,-28],[30,-27],[-48,-7],[-58,8],[-47,-44],[30,-30],[-12,-22],[-61,-17]],[[4366,557],[-24,-41],[20,-56],[-48,-5],[-26,-21],[26,-20],[48,2],[-12,-26],[-43,-36],[-100,-30],[-23,-56],[9,-23],[-78,-12],[-60,9],[-16,-9],[-157,90]],[[3823,636],[49,35],[74,-4],[38,20],[57,-17],[73,0],[26,-49],[60,-2],[50,10],[59,-20],[-11,-20],[24,-20],[44,-12]],[[4839,1434],[-68,-21],[-72,-41],[14,-19],[-27,-32],[-36,5],[-76,-17],[-267,13],[-71,43],[-62,28],[-35,-4],[-45,18],[-11,30]],[[4230,1734],[82,9],[41,-15],[143,27],[45,-40]],[[4541,1715],[11,-64],[84,-54],[23,0],[-18,-39],[27,-37],[73,-5],[98,-82]],[[4740,1866],[14,-38],[-17,-26],[-77,12],[-20,-30],[9,-21],[-68,-13],[-7,-29],[-33,-6]],[[4095,1999],[27,91],[-23,13],[32,69],[75,17],[47,-14],[65,63],[57,-11],[52,17],[14,24],[82,-1],[50,10],[26,18],[65,-7],[34,-24],[105,-28],[3,-14],[133,-29],[0,-54],[38,-13]],[[4977,2126],[-6,-18],[-66,-3],[-67,-24],[-189,-32],[7,-23],[-23,-25],[60,-7],[-10,-31],[-86,-17],[33,-17],[8,-25],[55,6],[34,-15],[13,-29]],[[4859,687],[-51,4],[-48,-22],[-54,5],[-100,-17],[-38,-34],[-78,-19],[-42,4],[-64,-33],[-18,-18]],[[3115,697],[14,21],[65,31],[29,32],[-5,81],[34,69],[-4,39],[96,0],[44,-13],[63,-4],[38,10],[101,63],[-26,46],[24,43],[-20,18],[81,17],[196,10],[61,10],[77,0],[77,14],[71,-10]],[[4131,1174],[15,-55],[-73,7],[-98,-11],[4,-29],[42,-34],[38,6],[69,-8],[28,-19],[-10,-20],[54,-12],[82,-44],[56,3],[20,26],[56,-2],[66,-21],[-26,-28],[54,-24],[53,3],[23,-18],[132,11],[-30,-30],[15,-15],[48,-7],[35,13],[39,-6],[39,-40],[86,-27],[3,-12],[60,-7]],[[5011,774],[-31,-21],[-68,-22],[-7,-25],[-37,-1],[-9,-18]],[[4131,1174],[68,-10],[86,2],[134,-17],[53,-22],[122,3],[116,16],[113,1],[38,-14],[24,37],[-12,72],[14,8]],[[4887,1250],[39,-41],[52,-22],[38,-2],[4,-26],[44,-35]],[[5064,1124],[33,-22],[25,-59],[57,11],[28,-28],[47,24],[36,1],[39,-43],[-152,-48],[-13,-41],[23,-17],[-29,-33],[29,-7],[2,-32]],[[5189,830],[-134,-12],[-44,-44]],[[5807,2190],[-70,-4],[-18,-49],[-35,16],[-73,-6],[-40,25],[-55,9],[-24,-7],[-131,21]],[[5361,2195],[9,8],[-60,46],[4,10]],[[5314,2259],[30,-1],[27,25],[43,14],[114,-29],[110,22],[-6,48],[58,31],[55,-17],[27,4],[43,30],[50,-21],[42,16]],[[5907,2381],[21,-10]],[[5928,2371],[-34,-24],[-8,-29],[-36,-14],[3,-43],[45,-26],[-91,-45]],[[5314,2259],[12,42],[-27,27]],[[5299,2328],[74,63],[63,15],[80,2],[79,20],[60,56],[31,4]],[[5686,2488],[84,1],[51,18],[33,-6]],[[5854,2501],[37,-5],[43,-30],[3,-34],[-34,-30],[4,-21]],[[5580,1872],[23,24],[-25,24],[-51,19],[8,15],[-62,35],[-50,-10],[36,91],[34,14],[-47,31],[-55,-19],[-29,13],[-29,-18],[-49,10],[-18,43]],[[5266,2144],[10,31],[81,7],[4,13]],[[5807,2190],[9,-34],[30,-4],[40,-29],[33,-46],[106,2],[-20,-17],[22,-23],[50,-7],[42,-39],[27,4]],[[6169,1966],[-33,-32],[27,-18],[-24,-39],[-37,-12],[-148,23],[-21,26],[-39,16],[-59,-3],[-28,-15],[-33,10],[-25,-20],[-69,0],[-13,-29],[-87,-1]],[[6134,2653],[-88,0],[-55,-9],[-10,-15],[34,-17],[-12,-26],[-56,-5],[-30,-22],[-15,-37],[-48,-21]],[[5686,2488],[5,25],[-32,60],[-60,29],[-58,41],[-6,26],[24,3],[5,33],[49,29],[-35,6],[10,27]],[[5588,2767],[29,8],[-32,73],[38,19],[-42,23],[96,18],[46,-5],[92,31]],[[5815,2934],[30,-16],[61,13],[12,18],[91,7],[29,-60],[74,8]],[[5815,2934],[19,16],[-28,32],[-34,7],[-24,-16],[-48,0],[-62,24],[-12,17]],[[6287,2542],[-43,-67],[-96,-46],[-53,5],[-17,-20],[-67,-31],[-83,-12]],[[5317,1571],[-104,-67],[-177,-46],[-91,-4],[-33,19],[-73,-39]],[[4740,1866],[56,13],[85,-76],[41,-18],[42,21],[51,10],[51,-17],[32,-30],[87,-10],[44,-18],[12,-32]],[[5241,1709],[14,-21],[-11,-50],[-20,-17],[89,-33],[4,-17]],[[4977,2126],[17,2],[6,45],[48,3],[15,-17],[42,7],[56,-31],[79,-10],[26,19]],[[5580,1872],[-28,-11],[-60,16],[-55,-2],[-19,-34],[58,-27],[-28,-11],[0,-38],[-33,2],[-116,-27],[-37,-31],[-21,0]],[[4887,1250],[48,72],[34,-4],[112,73],[108,24],[21,12],[95,87],[29,10],[45,48]],[[5379,1572],[14,-29],[37,-21],[-1,-31],[97,-8],[81,2],[22,-19],[-28,-18],[-8,-39]],[[5593,1409],[-75,6],[34,-31],[-7,-18]],[[5545,1366],[-64,-29],[-62,-61],[17,-35],[-20,-22],[-55,15],[-62,-12],[-38,-22],[-56,24],[-45,-6],[21,-38],[-61,-48],[-56,-8]],[[5586,939],[-28,-12],[-57,-2],[-50,53],[-57,-6],[-28,-36],[-46,3],[1,-60],[-23,-16],[25,-19],[-64,-19],[-70,5]],[[5545,1366],[48,5],[66,-32],[-11,-13],[59,-10],[0,-20],[128,-22],[51,-41],[7,-24],[-30,-14],[1,-24],[103,-7]],[[5967,1164],[44,-22],[5,-36],[-28,-32],[-69,-1],[-39,-12],[-17,20],[-93,5],[8,-31],[-65,-47],[-72,23],[-56,-8],[17,-21],[-61,-47],[45,-16]],[[5379,1572],[79,51],[64,14],[-16,11],[-66,-10],[-43,-33],[-80,-34]],[[6363,1593],[-97,-9],[-58,-24],[-40,15],[-70,-6],[-24,-13],[-68,11],[-1,-26],[-87,22],[-28,-4],[-88,-50],[-125,-22],[-16,-18],[19,-34],[-87,-26]],[[6348,713],[-86,0],[-61,-14],[-68,7],[-65,-11],[-47,-23],[-10,21],[-93,0],[36,-30],[53,-4],[22,-30],[-55,-43],[-106,1],[-80,20],[-132,9]],[[5656,616],[27,5],[25,28],[-36,42],[44,25],[-33,29],[22,11],[87,-20],[73,29],[-6,15],[51,3],[-24,24],[15,40],[-11,14],[46,27]],[[5936,888],[49,13],[71,6],[60,-49],[64,10],[44,-13],[46,30]],[[5936,888],[-42,21],[-77,-12],[-13,17],[-37,-11],[-84,0],[-21,42],[-76,-6]],[[5967,1164],[89,39],[72,-29],[71,8],[17,24],[43,-20],[119,25],[-12,21],[50,10],[19,-17],[29,7],[5,33],[31,-1]],[[5656,616],[-67,4],[-37,12],[-63,-9],[-51,-43],[-224,94],[-185,38],[-105,-10],[-65,-15]],[[3865,2386],[-109,-13],[-78,56],[21,46],[46,27],[15,35],[-82,52],[-25,32],[34,17],[-29,77],[-90,4],[-117,-25],[-74,0],[-81,-38],[-37,-56],[-71,23],[-71,-14],[-60,3],[-32,25],[149,90],[77,15],[86,35],[21,19],[71,23],[18,78],[31,-3],[52,41],[31,9],[37,34],[52,25],[91,1],[99,30],[117,25],[-6,33],[33,7],[32,-15],[44,2],[57,-29],[165,7],[204,51],[31,1]],[[4517,3116],[-5,-80],[38,-53],[39,-18],[46,-63],[-20,-27],[47,-12],[194,53],[66,-2],[70,-20],[43,-58]],[[5035,2836],[15,-62],[-3,-31],[-108,0],[-32,18],[-47,-10],[-22,-32],[-86,11],[-13,-18],[-49,-1],[-10,-16],[-67,-28],[-32,-4],[-18,19],[-71,13],[-24,-16],[-104,-12],[-28,-17],[-59,-2],[-38,-35],[-73,-9],[-105,-57],[-3,-22],[-102,-4],[-27,-36],[3,-20],[-122,-50],[55,-29]],[[3110,3087],[31,1],[49,-33],[24,-30],[-25,-10],[-44,32],[-58,8],[-18,23],[41,9]],[[3595,3067],[81,15],[91,-11],[-59,-48],[-105,-28],[-28,-35],[-131,-46],[-52,6],[-21,16],[-90,25],[-4,26],[-76,59],[13,81],[-13,27],[156,31],[108,-7],[51,-17],[11,-29],[68,-65]],[[4517,3116],[77,-19],[22,-17],[138,-46],[40,12],[-55,54],[-53,40],[30,29],[130,23],[31,-23],[0,-1],[9,-12],[1,-1],[14,-18],[34,-46],[45,-26],[65,-6],[69,8]],[[5200,3005],[-30,-20],[29,-50],[-18,-20],[21,-36]],[[5202,2879],[-50,-23],[-98,20],[16,-40],[-35,0]],[[3582,2122],[82,56],[45,53],[19,60],[24,32],[-6,30],[49,1],[70,32]],[[5202,2879],[67,-28],[-1,-25],[109,-67]],[[5377,2759],[-42,-16],[24,-30],[-26,-46],[-50,-16],[43,-30],[-70,-72],[54,-2],[-14,-47],[25,-15],[58,4],[-8,-39],[-31,-3],[-20,-35],[-34,-14],[-57,-2],[-32,-29],[37,-14],[0,-24],[65,-1]],[[5588,2767],[-59,-8],[-52,6],[-32,-11],[-68,5]],[[2888,250],[-91,-29],[-59,-51],[-19,44],[-35,3],[-34,-78],[30,-46],[-44,-42],[-52,-4],[-48,-47],[-63,38],[-3,25],[-38,37],[-39,20],[-108,21],[-53,16],[-71,-15],[7,-29],[-47,-25],[-96,-11],[-40,9],[7,30],[-12,43],[27,27],[186,53],[78,-23],[54,42],[78,12],[123,71],[58,23],[-8,40],[111,27],[19,45]]]}